Monthly Consumption (kWh),Monthly Cost (Kč)
1549884,3445107.95805
1352824,2464901.55723
1456051,2499168.70681
1431122,2366375.10161
1298096,2132177.11835
723603,664542.93714
